{
  "timestamp": "2026-06-05 20:35:14",
  "config": {
    "internal_dim": 272,
    "num_tiers": 4,
    "kl_coefficient": 0.01,
    "temperature": 1.0
  },
  "inference": {
    "total_samples": 100,
    "routing_accuracy": 0.38,
    "correct_predictions": 38,
    "per_tier_accuracy": {
      "working": 0.28,
      "episodic": 0.04,
      "semantic": 0.2,
      "immune": 1.0
    },
    "per_tier_counts": {
      "working": {
        "correct": 7,
        "total": 25
      },
      "episodic": {
        "correct": 1,
        "total": 25
      },
      "semantic": {
        "correct": 5,
        "total": 25
      },
      "immune": {
        "correct": 25,
        "total": 25
      }
    },
    "weight_statistics": {
      "mean": [
        0.25588521361351013,
        0.2368415892124176,
        0.2291507124900818,
        0.2781224548816681
      ],
      "std": [
        0.05793030560016632,
        0.045248210430145264,
        0.04196195304393768,
        0.055806174874305725
      ],
      "min": [
        0.13873565196990967,
        0.13788600265979767,
        0.13611403107643127,
        0.14825166761875153
      ],
      "max": [
        0.4451618790626526,
        0.38975369930267334,
        0.3595907986164093,
        0.470453679561615
      ]
    },
    "entropy": 1.3637653589248657,
    "kl_from_uniform": 0.02243976667523384,
    "max_weight_percentage": 0.3182661235332489,
    "predicted_tiers": [
      3,
      0,
      2,
      3,
      1,
      0,
      3,
      3,
      0,
      0,
      0,
      2,
      0,
      3,
      1,
      3,
      2,
      3,
      2,
      3,
      3,
      3,
      2,
      3,
      0,
      3,
      0,
      3,
      0,
      1,
      3,
      0,
      3,
      0,
      0,
      3,
      0,
      3,
      3,
      0,
      3,
      0,
      0,
      3,
      3,
      3,
      0,
      3,
      0,
      3,
      3,
      1,
      2,
      0,
      1,
      0,
      1,
      1,
      3,
      2,
      0,
      1,
      0,
      1,
      2,
      1,
      1,
      1,
      2,
      0,
      3,
      2,
      3,
      1,
      3,
      3,
      3,
      3,
      3,
      3,
      3,
      3,
      3,
      3,
      3,
      3,
      3,
      3,
      3,
      3,
      3,
      3,
      3,
      3,
      3,
      3,
      3,
      3,
      3,
      3
    ],
    "expected_tiers": [
      0,
      0,
      0,
      0,
      0,
      0,
      0,
      0,
      0,
      0,
      0,
      0,
      0,
      0,
      0,
      0,
      0,
      0,
      0,
      0,
      0,
      0,
      0,
      0,
      0,
      1,
      1,
      1,
      1,
      1,
      1,
      1,
      1,
      1,
      1,
      1,
      1,
      1,
      1,
      1,
      1,
      1,
      1,
      1,
      1,
      1,
      1,
      1,
      1,
      1,
      2,
      2,
      2,
      2,
      2,
      2,
      2,
      2,
      2,
      2,
      2,
      2,
      2,
      2,
      2,
      2,
      2,
      2,
      2,
      2,
      2,
      2,
      2,
      2,
      2,
      3,
      3,
      3,
      3,
      3,
      3,
      3,
      3,
      3,
      3,
      3,
      3,
      3,
      3,
      3,
      3,
      3,
      3,
      3,
      3,
      3,
      3,
      3,
      3,
      3
    ]
  },
  "training": {
    "total_samples": 100,
    "routing_accuracy": 0.38,
    "correct_predictions": 38,
    "per_tier_accuracy": {
      "working": 0.28,
      "episodic": 0.04,
      "semantic": 0.2,
      "immune": 1.0
    },
    "per_tier_counts": {
      "working": {
        "correct": 7,
        "total": 25
      },
      "episodic": {
        "correct": 1,
        "total": 25
      },
      "semantic": {
        "correct": 5,
        "total": 25
      },
      "immune": {
        "correct": 25,
        "total": 25
      }
    },
    "weight_statistics": {
      "mean": [
        0.25588521361351013,
        0.2368415892124176,
        0.2291507124900818,
        0.2781224548816681
      ],
      "std": [
        0.05793030560016632,
        0.045248210430145264,
        0.04196195304393768,
        0.055806174874305725
      ],
      "min": [
        0.13873565196990967,
        0.13788600265979767,
        0.13611403107643127,
        0.14825166761875153
      ],
      "max": [
        0.4451618790626526,
        0.38975369930267334,
        0.3595907986164093,
        0.470453679561615
      ]
    },
    "entropy": 1.3637653589248657,
    "kl_from_uniform": 0.02243976667523384,
    "max_weight_percentage": 0.3182661235332489,
    "predicted_tiers": [
      3,
      0,
      2,
      3,
      1,
      0,
      3,
      3,
      0,
      0,
      0,
      2,
      0,
      3,
      1,
      3,
      2,
      3,
      2,
      3,
      3,
      3,
      2,
      3,
      0,
      3,
      0,
      3,
      0,
      1,
      3,
      0,
      3,
      0,
      0,
      3,
      0,
      3,
      3,
      0,
      3,
      0,
      0,
      3,
      3,
      3,
      0,
      3,
      0,
      3,
      3,
      1,
      2,
      0,
      1,
      0,
      1,
      1,
      3,
      2,
      0,
      1,
      0,
      1,
      2,
      1,
      1,
      1,
      2,
      0,
      3,
      2,
      3,
      1,
      3,
      3,
      3,
      3,
      3,
      3,
      3,
      3,
      3,
      3,
      3,
      3,
      3,
      3,
      3,
      3,
      3,
      3,
      3,
      3,
      3,
      3,
      3,
      3,
      3,
      3
    ],
    "expected_tiers": [
      0,
      0,
      0,
      0,
      0,
      0,
      0,
      0,
      0,
      0,
      0,
      0,
      0,
      0,
      0,
      0,
      0,
      0,
      0,
      0,
      0,
      0,
      0,
      0,
      0,
      1,
      1,
      1,
      1,
      1,
      1,
      1,
      1,
      1,
      1,
      1,
      1,
      1,
      1,
      1,
      1,
      1,
      1,
      1,
      1,
      1,
      1,
      1,
      1,
      1,
      2,
      2,
      2,
      2,
      2,
      2,
      2,
      2,
      2,
      2,
      2,
      2,
      2,
      2,
      2,
      2,
      2,
      2,
      2,
      2,
      2,
      2,
      2,
      2,
      2,
      3,
      3,
      3,
      3,
      3,
      3,
      3,
      3,
      3,
      3,
      3,
      3,
      3,
      3,
      3,
      3,
      3,
      3,
      3,
      3,
      3,
      3,
      3,
      3,
      3
    ]
  },
  "summary": {
    "random_baseline": 25.0,
    "inference_accuracy": 38.0,
    "training_accuracy": 38.0,
    "beats_random_inference": true,
    "beats_random_training": true,
    "collapse_regime_inference": "GOOD: Balanced weight distribution",
    "collapse_regime_training": "GOOD: Balanced weight distribution"
  }
}