{
  "BAAI/bge-base-en-v1.5": {
    "nDCG@10": 0.6675064283955701,
    "MRR@10": 0.6317208994708995,
    "Recall@10": 0.7976666666666666,
    "nDCG@100": 0.7027444754859541,
    "MRR@100": 0.6383625667331785,
    "Recall@100": 0.9526666666666667,
    "latency_mean_ms": 158.09929266673862,
    "latency_median_ms": 143.14534999721218,
    "latency_p95_ms": 299.9479100035387,
    "encode_doc_ms": 0.0,
    "faiss_build_ms": 0.0,
    "bm25_build_ms": 0.0,
    "dim": 768,
    "n_rerank_calls": 0,
    "n_rerank_skipped": 0,
    "bottleneck": "encode_query",
    "pct_encode_query": 96.45672091297044,
    "pct_dense_search": 2.318082063649652,
    "pct_bm25_search": 1.0375761445065752,
    "pct_rrf": 0.18762087887333104,
    "pct_rerank": 0.0,
    "use_reranker": false
  },
  "BAAI/bge-small-en-v1.5": {
    "nDCG@10": 0.6577994702127646,
    "MRR@10": 0.6290568783068783,
    "Recall@10": 0.7709999999999999,
    "nDCG@100": 0.6962352792279572,
    "MRR@100": 0.6364519139650092,
    "Recall@100": 0.94,
    "latency_mean_ms": 127.86710566632489,
    "latency_median_ms": 51.29884999769274,
    "latency_p95_ms": 412.5235549901845,
    "encode_doc_ms": 0.0,
    "faiss_build_ms": 0.0,
    "bm25_build_ms": 0.0,
    "dim": 384,
    "n_rerank_calls": 0,
    "n_rerank_skipped": 0,
    "bottleneck": "encode_query",
    "pct_encode_query": 96.78629868710601,
    "pct_dense_search": 1.8230548275357872,
    "pct_bm25_search": 1.1453659359947446,
    "pct_rrf": 0.24528054936345564,
    "pct_rerank": 0.0,
    "use_reranker": false
  },
  "sentence-transformers/all-MiniLM-L6-v2": {
    "nDCG@10": 0.6385362830652764,
    "MRR@10": 0.6024378306878306,
    "Recall@10": 0.7687777777777778,
    "nDCG@100": 0.6743979590586238,
    "MRR@100": 0.6092478507309297,
    "Recall@100": 0.9286666666666668,
    "latency_mean_ms": 30.574889333414223,
    "latency_median_ms": 30.000550010299776,
    "latency_p95_ms": 41.7836999957217,
    "encode_doc_ms": 0.0,
    "faiss_build_ms": 0.0,
    "bm25_build_ms": 0.0,
    "dim": 384,
    "n_rerank_calls": 0,
    "n_rerank_skipped": 0,
    "bottleneck": "encode_query",
    "pct_encode_query": 90.59891482204827,
    "pct_dense_search": 6.7258723024586455,
    "pct_bm25_search": 2.288142545285021,
    "pct_rrf": 0.38707033020808224,
    "pct_rerank": 0.0,
    "use_reranker": false
  }
}