{
  "metadata": {
    "model": "BAAI/bge-base-en-v1.5",
    "datasets": [
      "scifact",
      "nfcorpus",
      "arguana"
    ],
    "device": "cuda"
  },
  "results": {
    "scifact": {
      "1_FAISS_only": {
        "nDCG@10": 0.74413,
        "MRR@10": 0.70132,
        "Recall@100": 0.96667,
        "time_s": 0.04701733589172363
      },
      "2_BM25_only": {
        "nDCG@10": 0.54384,
        "MRR@10": 0.49926,
        "Recall@100": 0.78128,
        "time_s": 3.9458823204040527
      },
      "3_hybrid_RRF": {
        "nDCG@10": 0.66019,
        "MRR@10": 0.61084,
        "Recall@100": 0.95667,
        "time_s": 4.561833143234253
      },
      "4_hybrid_CE": {
        "nDCG@10": 0.58893,
        "MRR@10": 0.55698,
        "Recall@100": 0.95667,
        "time_s": 27.665452003479004
      }
    },
    "nfcorpus": {
      "1_FAISS_only": {
        "nDCG@10": 0.36574,
        "MRR@10": 0.13875,
        "Recall@100": 0.33671,
        "time_s": 0.04410815238952637
      },
      "2_BM25_only": {
        "nDCG@10": 0.26167,
        "MRR@10": 0.09353,
        "Recall@100": 0.1996,
        "time_s": 2.152582883834839
      },
      "3_hybrid_RRF": {
        "nDCG@10": 0.32629,
        "MRR@10": 0.11665,
        "Recall@100": 0.31457,
        "time_s": 2.464204788208008
      },
      "4_hybrid_CE": {
        "nDCG@10": 0.26213,
        "MRR@10": 0.09042,
        "Recall@100": 0.31457,
        "time_s": 33.05686044692993
      }
    },
    "arguana": {
      "1_FAISS_only": {
        "nDCG@10": 0.66134,
        "MRR@10": 0.58496,
        "Recall@100": 0.98791,
        "time_s": 0.9001352787017822
      },
      "2_BM25_only": {
        "nDCG@10": 0.32186,
        "MRR@10": 0.25499,
        "Recall@100": 0.75107,
        "time_s": 1160.1006128787994
      },
      "3_hybrid_RRF": {
        "nDCG@10": 0.48317,
        "MRR@10": 0.40759,
        "Recall@100": 0.98364,
        "time_s": 1166.2888514995575
      },
      "4_hybrid_CE": {
        "nDCG@10": 0.25741,
        "MRR@10": 0.21632,
        "Recall@100": 0.98364,
        "time_s": 1407.8641097545624
      }
    }
  }
}