{
  "timestamp": "2026-06-05 21:24:26",
  "config": {
    "internal_dim": 272,
    "num_tiers": 4,
    "kl_coefficient": 0.01,
    "temperature": 1.0
  },
  "inference": {
    "total_samples": 100,
    "routing_accuracy": 1.0,
    "correct_predictions": 100,
    "per_tier_accuracy": {
      "working": 1.0,
      "episodic": 1.0,
      "semantic": 1.0,
      "immune": 1.0
    },
    "per_tier_counts": {
      "working": {
        "correct": 25,
        "total": 25
      },
      "episodic": {
        "correct": 25,
        "total": 25
      },
      "semantic": {
        "correct": 25,
        "total": 25
      },
      "immune": {
        "correct": 25,
        "total": 25
      }
    },
    "weight_statistics": {
      "mean": [
        0.24998269975185394,
        0.25009241700172424,
        0.2500208914279938,
        0.24990400671958923
      ],
      "std": [
        0.3436289131641388,
        0.3436545431613922,
        0.34371232986450195,
        0.3438107669353485
      ],
      "min": [
        0.051601000130176544,
        0.051304738968610764,
        0.05194805935025215,
        0.050659481436014175
      ],
      "max": [
        0.8443625569343567,
        0.8441899418830872,
        0.8448788523674011,
        0.8428124189376831
      ]
    },
    "entropy": 0.6090133786201477,
    "kl_from_uniform": 0.8660081624984741,
    "max_weight_percentage": 0.8423237800598145,
    "predicted_tiers": [
      0,
      0,
      0,
      0,
      0,
      0,
      0,
      0,
      0,
      0,
      0,
      0,
      0,
      0,
      0,
      0,
      0,
      0,
      0,
      0,
      0,
      0,
      0,
      0,
      0,
      1,
      1,
      1,
      1,
      1,
      1,
      1,
      1,
      1,
      1,
      1,
      1,
      1,
      1,
      1,
      1,
      1,
      1,
      1,
      1,
      1,
      1,
      1,
      1,
      1,
      2,
      2,
      2,
      2,
      2,
      2,
      2,
      2,
      2,
      2,
      2,
      2,
      2,
      2,
      2,
      2,
      2,
      2,
      2,
      2,
      2,
      2,
      2,
      2,
      2,
      3,
      3,
      3,
      3,
      3,
      3,
      3,
      3,
      3,
      3,
      3,
      3,
      3,
      3,
      3,
      3,
      3,
      3,
      3,
      3,
      3,
      3,
      3,
      3,
      3
    ],
    "expected_tiers": [
      0,
      0,
      0,
      0,
      0,
      0,
      0,
      0,
      0,
      0,
      0,
      0,
      0,
      0,
      0,
      0,
      0,
      0,
      0,
      0,
      0,
      0,
      0,
      0,
      0,
      1,
      1,
      1,
      1,
      1,
      1,
      1,
      1,
      1,
      1,
      1,
      1,
      1,
      1,
      1,
      1,
      1,
      1,
      1,
      1,
      1,
      1,
      1,
      1,
      1,
      2,
      2,
      2,
      2,
      2,
      2,
      2,
      2,
      2,
      2,
      2,
      2,
      2,
      2,
      2,
      2,
      2,
      2,
      2,
      2,
      2,
      2,
      2,
      2,
      2,
      3,
      3,
      3,
      3,
      3,
      3,
      3,
      3,
      3,
      3,
      3,
      3,
      3,
      3,
      3,
      3,
      3,
      3,
      3,
      3,
      3,
      3,
      3,
      3,
      3
    ]
  },
  "training": {
    "total_samples": 100,
    "routing_accuracy": 1.0,
    "correct_predictions": 100,
    "per_tier_accuracy": {
      "working": 1.0,
      "episodic": 1.0,
      "semantic": 1.0,
      "immune": 1.0
    },
    "per_tier_counts": {
      "working": {
        "correct": 25,
        "total": 25
      },
      "episodic": {
        "correct": 25,
        "total": 25
      },
      "semantic": {
        "correct": 25,
        "total": 25
      },
      "immune": {
        "correct": 25,
        "total": 25
      }
    },
    "weight_statistics": {
      "mean": [
        0.24998269975185394,
        0.25009241700172424,
        0.2500208914279938,
        0.24990400671958923
      ],
      "std": [
        0.3436289131641388,
        0.3436545431613922,
        0.34371232986450195,
        0.3438107669353485
      ],
      "min": [
        0.051601000130176544,
        0.051304738968610764,
        0.05194805935025215,
        0.050659481436014175
      ],
      "max": [
        0.8443625569343567,
        0.8441899418830872,
        0.8448788523674011,
        0.8428124189376831
      ]
    },
    "entropy": 0.6090133786201477,
    "kl_from_uniform": 0.8660081624984741,
    "max_weight_percentage": 0.8423237800598145,
    "predicted_tiers": [
      0,
      0,
      0,
      0,
      0,
      0,
      0,
      0,
      0,
      0,
      0,
      0,
      0,
      0,
      0,
      0,
      0,
      0,
      0,
      0,
      0,
      0,
      0,
      0,
      0,
      1,
      1,
      1,
      1,
      1,
      1,
      1,
      1,
      1,
      1,
      1,
      1,
      1,
      1,
      1,
      1,
      1,
      1,
      1,
      1,
      1,
      1,
      1,
      1,
      1,
      2,
      2,
      2,
      2,
      2,
      2,
      2,
      2,
      2,
      2,
      2,
      2,
      2,
      2,
      2,
      2,
      2,
      2,
      2,
      2,
      2,
      2,
      2,
      2,
      2,
      3,
      3,
      3,
      3,
      3,
      3,
      3,
      3,
      3,
      3,
      3,
      3,
      3,
      3,
      3,
      3,
      3,
      3,
      3,
      3,
      3,
      3,
      3,
      3,
      3
    ],
    "expected_tiers": [
      0,
      0,
      0,
      0,
      0,
      0,
      0,
      0,
      0,
      0,
      0,
      0,
      0,
      0,
      0,
      0,
      0,
      0,
      0,
      0,
      0,
      0,
      0,
      0,
      0,
      1,
      1,
      1,
      1,
      1,
      1,
      1,
      1,
      1,
      1,
      1,
      1,
      1,
      1,
      1,
      1,
      1,
      1,
      1,
      1,
      1,
      1,
      1,
      1,
      1,
      2,
      2,
      2,
      2,
      2,
      2,
      2,
      2,
      2,
      2,
      2,
      2,
      2,
      2,
      2,
      2,
      2,
      2,
      2,
      2,
      2,
      2,
      2,
      2,
      2,
      3,
      3,
      3,
      3,
      3,
      3,
      3,
      3,
      3,
      3,
      3,
      3,
      3,
      3,
      3,
      3,
      3,
      3,
      3,
      3,
      3,
      3,
      3,
      3,
      3
    ]
  },
  "summary": {
    "random_baseline": 25.0,
    "inference_accuracy": 100.0,
    "training_accuracy": 100.0,
    "beats_random_inference": true,
    "beats_random_training": true,
    "collapse_regime_inference": "MODERATE: Some weight concentration",
    "collapse_regime_training": "MODERATE: Some weight concentration"
  }
}