{
  "timestamp": "2026-06-29T20:11:13.589652",
  "config": {
    "duration_minutes": 120,
    "buffer_capacity": 64,
    "embedding_dim": 128,
    "num_attention_heads": 4,
    "test_interval_minutes": 10,
    "compressed_mode": true,
    "compression_factor": 60
  },
  "total_context_switches": 7140,
  "total_real_time_sec": 6.193866491317749,
  "baseline": {
    "result_a1_norm": 0.3974774479866028,
    "result_a2_norm": 0.3060319423675537,
    "result_b_norm": 0.29304730892181396,
    "a1_a2_similarity": 0.9007427096366882,
    "a1_b_similarity": 0.732897937297821,
    "contamination_detected": false,
    "context_isolation_score": 0.9007427096366882
  },
  "final": {
    "context_isolation_score": 0.8864883184432983,
    "attention_stability": 0.9999999403953552,
    "contamination_detected": false,
    "a1_a2_similarity": 0.8864883184432983
  },
  "phase_summaries": {
    "normal_cycling": {
      "name": "Normal Cycling",
      "duration_min": 60,
      "num_tests": 5,
      "avg_isolation": 0.8942152976989746,
      "min_isolation": 0.8885312676429749,
      "max_isolation": 0.9026376008987427,
      "avg_stability": 0.9999999880790711,
      "contamination_events": 0
    },
    "rapid_switching": {
      "name": "Rapid Switching",
      "duration_min": 30,
      "num_tests": 3,
      "avg_isolation": 0.8954597512880961,
      "min_isolation": 0.8935664296150208,
      "max_isolation": 0.89759361743927,
      "avg_stability": 1.0,
      "contamination_events": 0
    },
    "persistence_test": {
      "name": "Context Persistence",
      "duration_min": 30,
      "num_tests": 3,
      "avg_isolation": 0.894570012887319,
      "min_isolation": 0.8933988213539124,
      "max_isolation": 0.8968167304992676,
      "avg_stability": 0.999999980131785,
      "contamination_events": 0
    }
  },
  "timeline": [
    {
      "time_min": 0,
      "phase": "baseline",
      "context_switches": 0,
      "context_isolation_score": 0.9007427096366882,
      "attention_stability": 1.0,
      "buffer_usage": 45,
      "contamination_detected": false,
      "notes": "Fresh start"
    },
    {
      "time_min": 10,
      "phase": "normal_cycling",
      "context_switches": 600,
      "context_isolation_score": 0.8939768075942993,
      "attention_stability": 1.0,
      "buffer_usage": 45,
      "buffer_capacity": 64,
      "ptr_position": 45,
      "contamination_detected": false,
      "a1_a2_similarity": 0.8939768075942993,
      "a1_b_similarity": 0.7134246826171875,
      "real_elapsed_sec": 0.5172104835510254,
      "notes": "Phase: Normal Cycling"
    },
    {
      "time_min": 20,
      "phase": "normal_cycling",
      "context_switches": 1200,
      "context_isolation_score": 0.8885312676429749,
      "attention_stability": 1.0,
      "buffer_usage": 45,
      "buffer_capacity": 64,
      "ptr_position": 45,
      "contamination_detected": false,
      "a1_a2_similarity": 0.8885312676429749,
      "a1_b_similarity": 0.7015249133110046,
      "real_elapsed_sec": 0.9966301918029785,
      "notes": "Phase: Normal Cycling"
    },
    {
      "time_min": 30,
      "phase": "normal_cycling",
      "context_switches": 1800,
      "context_isolation_score": 0.9026376008987427,
      "attention_stability": 1.0,
      "buffer_usage": 45,
      "buffer_capacity": 64,
      "ptr_position": 45,
      "contamination_detected": false,
      "a1_a2_similarity": 0.9026376008987427,
      "a1_b_similarity": 0.7434381246566772,
      "real_elapsed_sec": 1.5141987800598145,
      "notes": "Phase: Normal Cycling"
    },
    {
      "time_min": 40,
      "phase": "normal_cycling",
      "context_switches": 2400,
      "context_isolation_score": 0.8963104486465454,
      "attention_stability": 1.0,
      "buffer_usage": 45,
      "buffer_capacity": 64,
      "ptr_position": 45,
      "contamination_detected": false,
      "a1_a2_similarity": 0.8963104486465454,
      "a1_b_similarity": 0.7237251996994019,
      "real_elapsed_sec": 2.054340124130249,
      "notes": "Phase: Normal Cycling"
    },
    {
      "time_min": 50,
      "phase": "normal_cycling",
      "context_switches": 3000,
      "context_isolation_score": 0.8896203637123108,
      "attention_stability": 0.9999999403953552,
      "buffer_usage": 45,
      "buffer_capacity": 64,
      "ptr_position": 45,
      "contamination_detected": false,
      "a1_a2_similarity": 0.8896203637123108,
      "a1_b_similarity": 0.7084962725639343,
      "real_elapsed_sec": 2.618802070617676,
      "notes": "Phase: Normal Cycling"
    },
    {
      "time_min": 60,
      "phase": "rapid_switching",
      "context_switches": 3600,
      "context_isolation_score": 0.8935664296150208,
      "attention_stability": 0.9999998807907104,
      "buffer_usage": 45,
      "buffer_capacity": 64,
      "ptr_position": 45,
      "contamination_detected": false,
      "a1_a2_similarity": 0.8935664296150208,
      "a1_b_similarity": 0.7162908315658569,
      "real_elapsed_sec": 3.1543283462524414,
      "notes": "Phase: Rapid Switching"
    },
    {
      "time_min": 70,
      "phase": "rapid_switching",
      "context_switches": 4200,
      "context_isolation_score": 0.89759361743927,
      "attention_stability": 1.0000001192092896,
      "buffer_usage": 45,
      "buffer_capacity": 64,
      "ptr_position": 45,
      "contamination_detected": false,
      "a1_a2_similarity": 0.89759361743927,
      "a1_b_similarity": 0.7370737195014954,
      "real_elapsed_sec": 3.675678014755249,
      "notes": "Phase: Rapid Switching"
    },
    {
      "time_min": 80,
      "phase": "rapid_switching",
      "context_switches": 4800,
      "context_isolation_score": 0.8952192068099976,
      "attention_stability": 1.0,
      "buffer_usage": 45,
      "buffer_capacity": 64,
      "ptr_position": 45,
      "contamination_detected": false,
      "a1_a2_similarity": 0.8952192068099976,
      "a1_b_similarity": 0.7251126170158386,
      "real_elapsed_sec": 4.186564922332764,
      "notes": "Phase: Rapid Switching"
    },
    {
      "time_min": 90,
      "phase": "persistence_test",
      "context_switches": 5400,
      "context_isolation_score": 0.8968167304992676,
      "attention_stability": 1.0,
      "buffer_usage": 45,
      "buffer_capacity": 64,
      "ptr_position": 45,
      "contamination_detected": false,
      "a1_a2_similarity": 0.8968167304992676,
      "a1_b_similarity": 0.7199891805648804,
      "real_elapsed_sec": 4.667677879333496,
      "notes": "Phase: Context Persistence"
    },
    {
      "time_min": 100,
      "phase": "persistence_test",
      "context_switches": 6000,
      "context_isolation_score": 0.8934944868087769,
      "attention_stability": 1.0,
      "buffer_usage": 45,
      "buffer_capacity": 64,
      "ptr_position": 45,
      "contamination_detected": false,
      "a1_a2_similarity": 0.8934944868087769,
      "a1_b_similarity": 0.7195448279380798,
      "real_elapsed_sec": 5.160275459289551,
      "notes": "Phase: Context Persistence"
    },
    {
      "time_min": 110,
      "phase": "persistence_test",
      "context_switches": 6600,
      "context_isolation_score": 0.8933988213539124,
      "attention_stability": 0.9999999403953552,
      "buffer_usage": 45,
      "buffer_capacity": 64,
      "ptr_position": 45,
      "contamination_detected": false,
      "a1_a2_similarity": 0.8933988213539124,
      "a1_b_similarity": 0.7164987325668335,
      "real_elapsed_sec": 5.712526798248291,
      "notes": "Phase: Context Persistence"
    }
  ],
  "broadcast": {
    "context_isolation_after_60min": "PASS",
    "context_isolation_value_60min": 0.89759361743927,
    "rapid_switching_quality_90min": 0.8934944868087769,
    "attention_stability": "STABLE",
    "contamination_rate": 0.0,
    "critical_issues": []
  }
}