{
  "timestamp": "2026-06-05 20:29:41",
  "use_real_text": false,
  "embedder_model": "sentence-transformers/all-MiniLM-L6-v2",
  "seed": 42,
  "anomaly_offset": 6.0,
  "normal_std": 0.5,
  "embedding_dim": 384,
  "n_train_normal": 500,
  "n_test_normal": 100,
  "n_test_anomaly": 50,
  "auc_roc": 0.7355999999999999,
  "normal_score_mean": 40.949737548828125,
  "normal_score_std": 1.9615721702575684,
  "anomaly_score_mean": 42.93183517456055,
  "anomaly_score_std": 2.327707052230835,
  "score_separation": 1.9820976257324219,
  "basic_auc_roc": 0.7777999999999999,
  "basic_normal_score_mean": 12.547476768493652,
  "basic_anomaly_score_mean": 12.8802490234375,
  "faiss_auc_roc": 0.2222,
  "interpretation": "MODERATE \u2014 some anomaly detection capability"
}