{
  "pdf": "D:\\COURS\\Fluid Mechanics 2\\White_2011_7ed_Fluid-Mechanics.pdf",
  "n_chunks": 200,
  "n_queries": 50,
  "embedding_dim": 256,
  "storage": {
    "vectordb_ms": 0.4233999934513122,
    "mathir_ms": 530.0832999928389
  },
  "query_latency_ms": {
    "vectordb": {
      "mean": 0.03075999964494258,
      "median": 0.008349990821443498,
      "p95": 0.023200002033263445,
      "min": 0.007499998901039362,
      "max": 1.06229999801144
    },
    "mathir": {
      "mean": 0.25963200256228447,
      "median": 0.2527999895391986,
      "p95": 0.29940000968053937,
      "min": 0.20340000628493726,
      "max": 0.8295000006910414
    }
  },
  "throughput_qps": {
    "vectordb": 32509.753301132285,
    "mathir": 3851.605311098368
  }
}