{
  "timestamp": "2026-06-21 07:41:32",
  "config": {
    "internal_dim": 272,
    "num_tiers": 4,
    "kl_coefficient": 0.01,
    "temperature": 1.0
  },
  "inference": {
    "total_samples": 100,
    "routing_accuracy": 1.0,
    "correct_predictions": 100,
    "per_tier_accuracy": {
      "working": 1.0,
      "episodic": 1.0,
      "semantic": 1.0,
      "immune": 1.0
    },
    "per_tier_counts": {
      "working": {
        "correct": 25,
        "total": 25
      },
      "episodic": {
        "correct": 25,
        "total": 25
      },
      "semantic": {
        "correct": 25,
        "total": 25
      },
      "immune": {
        "correct": 25,
        "total": 25
      }
    },
    "weight_statistics": {
      "mean": [
        0.2500007748603821,
        0.2497071772813797,
        0.25003302097320557,
        0.2502589821815491
      ],
      "std": [
        0.3434809148311615,
        0.3429967761039734,
        0.3433282673358917,
        0.34336185455322266
      ],
      "min": [
        0.05081479623913765,
        0.05081319063901901,
        0.050914082676172256,
        0.05061468109488487
      ],
      "max": [
        0.844089925289154,
        0.8415675163269043,
        0.8430963754653931,
        0.8422347903251648
      ]
    },
    "entropy": 0.6109671592712402,
    "kl_from_uniform": 0.8628822565078735,
    "max_weight_percentage": 0.8416175842285156,
    "predicted_tiers": [
      0,
      0,
      0,
      0,
      0,
      0,
      0,
      0,
      0,
      0,
      0,
      0,
      0,
      0,
      0,
      0,
      0,
      0,
      0,
      0,
      0,
      0,
      0,
      0,
      0,
      1,
      1,
      1,
      1,
      1,
      1,
      1,
      1,
      1,
      1,
      1,
      1,
      1,
      1,
      1,
      1,
      1,
      1,
      1,
      1,
      1,
      1,
      1,
      1,
      1,
      2,
      2,
      2,
      2,
      2,
      2,
      2,
      2,
      2,
      2,
      2,
      2,
      2,
      2,
      2,
      2,
      2,
      2,
      2,
      2,
      2,
      2,
      2,
      2,
      2,
      3,
      3,
      3,
      3,
      3,
      3,
      3,
      3,
      3,
      3,
      3,
      3,
      3,
      3,
      3,
      3,
      3,
      3,
      3,
      3,
      3,
      3,
      3,
      3,
      3
    ],
    "expected_tiers": [
      0,
      0,
      0,
      0,
      0,
      0,
      0,
      0,
      0,
      0,
      0,
      0,
      0,
      0,
      0,
      0,
      0,
      0,
      0,
      0,
      0,
      0,
      0,
      0,
      0,
      1,
      1,
      1,
      1,
      1,
      1,
      1,
      1,
      1,
      1,
      1,
      1,
      1,
      1,
      1,
      1,
      1,
      1,
      1,
      1,
      1,
      1,
      1,
      1,
      1,
      2,
      2,
      2,
      2,
      2,
      2,
      2,
      2,
      2,
      2,
      2,
      2,
      2,
      2,
      2,
      2,
      2,
      2,
      2,
      2,
      2,
      2,
      2,
      2,
      2,
      3,
      3,
      3,
      3,
      3,
      3,
      3,
      3,
      3,
      3,
      3,
      3,
      3,
      3,
      3,
      3,
      3,
      3,
      3,
      3,
      3,
      3,
      3,
      3,
      3
    ]
  },
  "training": {
    "total_samples": 100,
    "routing_accuracy": 1.0,
    "correct_predictions": 100,
    "per_tier_accuracy": {
      "working": 1.0,
      "episodic": 1.0,
      "semantic": 1.0,
      "immune": 1.0
    },
    "per_tier_counts": {
      "working": {
        "correct": 25,
        "total": 25
      },
      "episodic": {
        "correct": 25,
        "total": 25
      },
      "semantic": {
        "correct": 25,
        "total": 25
      },
      "immune": {
        "correct": 25,
        "total": 25
      }
    },
    "weight_statistics": {
      "mean": [
        0.2500007748603821,
        0.2497071772813797,
        0.25003302097320557,
        0.2502589821815491
      ],
      "std": [
        0.3434809148311615,
        0.3429967761039734,
        0.3433282673358917,
        0.34336185455322266
      ],
      "min": [
        0.05081479623913765,
        0.05081319063901901,
        0.050914082676172256,
        0.05061468109488487
      ],
      "max": [
        0.844089925289154,
        0.8415675163269043,
        0.8430963754653931,
        0.8422347903251648
      ]
    },
    "entropy": 0.6109671592712402,
    "kl_from_uniform": 0.8628822565078735,
    "max_weight_percentage": 0.8416175842285156,
    "predicted_tiers": [
      0,
      0,
      0,
      0,
      0,
      0,
      0,
      0,
      0,
      0,
      0,
      0,
      0,
      0,
      0,
      0,
      0,
      0,
      0,
      0,
      0,
      0,
      0,
      0,
      0,
      1,
      1,
      1,
      1,
      1,
      1,
      1,
      1,
      1,
      1,
      1,
      1,
      1,
      1,
      1,
      1,
      1,
      1,
      1,
      1,
      1,
      1,
      1,
      1,
      1,
      2,
      2,
      2,
      2,
      2,
      2,
      2,
      2,
      2,
      2,
      2,
      2,
      2,
      2,
      2,
      2,
      2,
      2,
      2,
      2,
      2,
      2,
      2,
      2,
      2,
      3,
      3,
      3,
      3,
      3,
      3,
      3,
      3,
      3,
      3,
      3,
      3,
      3,
      3,
      3,
      3,
      3,
      3,
      3,
      3,
      3,
      3,
      3,
      3,
      3
    ],
    "expected_tiers": [
      0,
      0,
      0,
      0,
      0,
      0,
      0,
      0,
      0,
      0,
      0,
      0,
      0,
      0,
      0,
      0,
      0,
      0,
      0,
      0,
      0,
      0,
      0,
      0,
      0,
      1,
      1,
      1,
      1,
      1,
      1,
      1,
      1,
      1,
      1,
      1,
      1,
      1,
      1,
      1,
      1,
      1,
      1,
      1,
      1,
      1,
      1,
      1,
      1,
      1,
      2,
      2,
      2,
      2,
      2,
      2,
      2,
      2,
      2,
      2,
      2,
      2,
      2,
      2,
      2,
      2,
      2,
      2,
      2,
      2,
      2,
      2,
      2,
      2,
      2,
      3,
      3,
      3,
      3,
      3,
      3,
      3,
      3,
      3,
      3,
      3,
      3,
      3,
      3,
      3,
      3,
      3,
      3,
      3,
      3,
      3,
      3,
      3,
      3,
      3
    ]
  },
  "summary": {
    "random_baseline": 25.0,
    "inference_accuracy": 100.0,
    "training_accuracy": 100.0,
    "beats_random_inference": true,
    "beats_random_training": true,
    "collapse_regime_inference": "MODERATE: Some weight concentration",
    "collapse_regime_training": "MODERATE: Some weight concentration"
  }
}