{
  "timestamp": "2026-06-05T20:48:18.431785",
  "config": {
    "duration_minutes": 120,
    "buffer_capacity": 64,
    "embedding_dim": 128,
    "num_attention_heads": 4,
    "test_interval_minutes": 10,
    "compressed_mode": true,
    "compression_factor": 60
  },
  "total_context_switches": 7140,
  "total_real_time_sec": 8.81801176071167,
  "baseline": {
    "result_a1_norm": 0.3236166536808014,
    "result_a2_norm": 0.2595832645893097,
    "result_b_norm": 0.25725433230400085,
    "a1_a2_similarity": 0.8857712149620056,
    "a1_b_similarity": 0.7115530371665955,
    "contamination_detected": false,
    "context_isolation_score": 0.8857712149620056
  },
  "final": {
    "context_isolation_score": 0.8911811709403992,
    "attention_stability": 1.0,
    "contamination_detected": false,
    "a1_a2_similarity": 0.8911811709403992
  },
  "phase_summaries": {
    "normal_cycling": {
      "name": "Normal Cycling",
      "duration_min": 60,
      "num_tests": 5,
      "avg_isolation": 0.885830819606781,
      "min_isolation": 0.8757604956626892,
      "max_isolation": 0.8968166708946228,
      "avg_stability": 1.0000001072883606,
      "contamination_events": 0
    },
    "rapid_switching": {
      "name": "Rapid Switching",
      "duration_min": 30,
      "num_tests": 3,
      "avg_isolation": 0.8799749811490377,
      "min_isolation": 0.8745073676109314,
      "max_isolation": 0.8900198340415955,
      "avg_stability": 1.0000000794728596,
      "contamination_events": 0
    },
    "persistence_test": {
      "name": "Context Persistence",
      "duration_min": 30,
      "num_tests": 3,
      "avg_isolation": 0.8892985582351685,
      "min_isolation": 0.8844597935676575,
      "max_isolation": 0.8952909708023071,
      "avg_stability": 1.0,
      "contamination_events": 0
    }
  },
  "timeline": [
    {
      "time_min": 0,
      "phase": "baseline",
      "context_switches": 0,
      "context_isolation_score": 0.8857712149620056,
      "attention_stability": 0.9999998807907104,
      "buffer_usage": 45,
      "contamination_detected": false,
      "notes": "Fresh start"
    },
    {
      "time_min": 10,
      "phase": "normal_cycling",
      "context_switches": 600,
      "context_isolation_score": 0.8858193755149841,
      "attention_stability": 0.9999999403953552,
      "buffer_usage": 45,
      "buffer_capacity": 64,
      "ptr_position": 45,
      "contamination_detected": false,
      "a1_a2_similarity": 0.8858193755149841,
      "a1_b_similarity": 0.7120583653450012,
      "real_elapsed_sec": 0.5258305072784424,
      "notes": "Phase: Normal Cycling"
    },
    {
      "time_min": 20,
      "phase": "normal_cycling",
      "context_switches": 1200,
      "context_isolation_score": 0.8860851526260376,
      "attention_stability": 1.0000001192092896,
      "buffer_usage": 45,
      "buffer_capacity": 64,
      "ptr_position": 45,
      "contamination_detected": false,
      "a1_a2_similarity": 0.8860851526260376,
      "a1_b_similarity": 0.7199078798294067,
      "real_elapsed_sec": 1.1348323822021484,
      "notes": "Phase: Normal Cycling"
    },
    {
      "time_min": 30,
      "phase": "normal_cycling",
      "context_switches": 1800,
      "context_isolation_score": 0.8968166708946228,
      "attention_stability": 1.000000238418579,
      "buffer_usage": 45,
      "buffer_capacity": 64,
      "ptr_position": 45,
      "contamination_detected": false,
      "a1_a2_similarity": 0.8968166708946228,
      "a1_b_similarity": 0.7267001271247864,
      "real_elapsed_sec": 1.8813564777374268,
      "notes": "Phase: Normal Cycling"
    },
    {
      "time_min": 40,
      "phase": "normal_cycling",
      "context_switches": 2400,
      "context_isolation_score": 0.8846724033355713,
      "attention_stability": 1.0,
      "buffer_usage": 45,
      "buffer_capacity": 64,
      "ptr_position": 45,
      "contamination_detected": false,
      "a1_a2_similarity": 0.8846724033355713,
      "a1_b_similarity": 0.7036949992179871,
      "real_elapsed_sec": 2.6287100315093994,
      "notes": "Phase: Normal Cycling"
    },
    {
      "time_min": 50,
      "phase": "normal_cycling",
      "context_switches": 3000,
      "context_isolation_score": 0.8757604956626892,
      "attention_stability": 1.000000238418579,
      "buffer_usage": 45,
      "buffer_capacity": 64,
      "ptr_position": 45,
      "contamination_detected": false,
      "a1_a2_similarity": 0.8757604956626892,
      "a1_b_similarity": 0.6903650760650635,
      "real_elapsed_sec": 3.3648386001586914,
      "notes": "Phase: Normal Cycling"
    },
    {
      "time_min": 60,
      "phase": "rapid_switching",
      "context_switches": 3600,
      "context_isolation_score": 0.8900198340415955,
      "attention_stability": 1.0,
      "buffer_usage": 45,
      "buffer_capacity": 64,
      "ptr_position": 45,
      "contamination_detected": false,
      "a1_a2_similarity": 0.8900198340415955,
      "a1_b_similarity": 0.7195137143135071,
      "real_elapsed_sec": 4.11936092376709,
      "notes": "Phase: Rapid Switching"
    },
    {
      "time_min": 70,
      "phase": "rapid_switching",
      "context_switches": 4200,
      "context_isolation_score": 0.8745073676109314,
      "attention_stability": 1.0000001192092896,
      "buffer_usage": 45,
      "buffer_capacity": 64,
      "ptr_position": 45,
      "contamination_detected": false,
      "a1_a2_similarity": 0.8745073676109314,
      "a1_b_similarity": 0.6973288655281067,
      "real_elapsed_sec": 5.0859222412109375,
      "notes": "Phase: Rapid Switching"
    },
    {
      "time_min": 80,
      "phase": "rapid_switching",
      "context_switches": 4800,
      "context_isolation_score": 0.8753977417945862,
      "attention_stability": 1.0000001192092896,
      "buffer_usage": 45,
      "buffer_capacity": 64,
      "ptr_position": 45,
      "contamination_detected": false,
      "a1_a2_similarity": 0.8753977417945862,
      "a1_b_similarity": 0.676295280456543,
      "real_elapsed_sec": 5.804590940475464,
      "notes": "Phase: Rapid Switching"
    },
    {
      "time_min": 90,
      "phase": "persistence_test",
      "context_switches": 5400,
      "context_isolation_score": 0.8844597935676575,
      "attention_stability": 0.9999999403953552,
      "buffer_usage": 45,
      "buffer_capacity": 64,
      "ptr_position": 45,
      "contamination_detected": false,
      "a1_a2_similarity": 0.8844597935676575,
      "a1_b_similarity": 0.7048960328102112,
      "real_elapsed_sec": 6.550677299499512,
      "notes": "Phase: Context Persistence"
    },
    {
      "time_min": 100,
      "phase": "persistence_test",
      "context_switches": 6000,
      "context_isolation_score": 0.8881449103355408,
      "attention_stability": 0.9999998211860657,
      "buffer_usage": 45,
      "buffer_capacity": 64,
      "ptr_position": 45,
      "contamination_detected": false,
      "a1_a2_similarity": 0.8881449103355408,
      "a1_b_similarity": 0.7152406573295593,
      "real_elapsed_sec": 7.406675338745117,
      "notes": "Phase: Context Persistence"
    },
    {
      "time_min": 110,
      "phase": "persistence_test",
      "context_switches": 6600,
      "context_isolation_score": 0.8952909708023071,
      "attention_stability": 1.000000238418579,
      "buffer_usage": 45,
      "buffer_capacity": 64,
      "ptr_position": 45,
      "contamination_detected": false,
      "a1_a2_similarity": 0.8952909708023071,
      "a1_b_similarity": 0.7328600287437439,
      "real_elapsed_sec": 8.125779151916504,
      "notes": "Phase: Context Persistence"
    }
  ],
  "broadcast": {
    "context_isolation_after_60min": "PASS",
    "context_isolation_value_60min": 0.8745073676109314,
    "rapid_switching_quality_90min": 0.8881449103355408,
    "attention_stability": "STABLE",
    "contamination_rate": 0.0,
    "critical_issues": []
  }
}