{
  "pdf": "D:\\COURS\\Fluid Mechanics 2\\White_2011_7ed_Fluid-Mechanics.pdf",
  "n_chunks": 200,
  "n_queries": 50,
  "embedding_dim": 384,
  "storage_ms": {
    "faiss": 1.7192999948747456,
    "approach_d": 613.9313000021502
  },
  "query_latency_ms": {
    "faiss": {
      "mean": 0.04903999739326537,
      "median": 0.008849994628690183,
      "p95": 0.01819999306462705,
      "min": 0.00799997360445559,
      "max": 1.9566999981179833
    },
    "approach_d": {
      "mean": 494.3765780015383,
      "median": 492.7033999993,
      "p95": 567.0126000186428,
      "min": 412.33949997695163,
      "max": 618.332800018834
    }
  },
  "throughput_qps": {
    "faiss": 20391.518212791125,
    "approach_d": 2.0227495486181555
  },
  "quality": {
    "faiss": {
      "overlap_mean": 0.31633333333333336,
      "semantic_mean": 0.45,
      "hits_30pct": 28,
      "hits_50pct": 20
    },
    "approach_d": {
      "overlap_mean": 0.45666666666666667,
      "semantic_mean": 0.59,
      "hits_30pct": 40,
      "hits_50pct": 31
    }
  }
}