{
  "sentence-transformers/all-MiniLM-L6-v2": {
    "nDCG@10": 0.6450816521455776,
    "nDCG@100": 0.677007366491072,
    "MRR@10": 0.6047248677248678,
    "MRR@100": 0.6109678843408566,
    "Recall@10": 0.7833333333333333,
    "Recall@100": 0.925,
    "latency_ms": 7.142618845874168,
    "dim": 384
  },
  "BAAI/bge-small-en-v1.5": {
    "nDCG@10": 0.7200042547439368,
    "nDCG@100": 0.7432557876008202,
    "MRR@10": 0.6844708994708995,
    "MRR@100": 0.6880313961475021,
    "Recall@10": 0.8452222222222222,
    "Recall@100": 0.9533333333333334,
    "latency_ms": 3.7738431920696343,
    "dim": 384
  }
}