{
  "BM25 (rank-bm25)": {
    "nDCG@10": 0.5462396672216082,
    "MRR@10": 0.509505291005291,
    "Recall@10": 0.6688333333333333,
    "nDCG@100": 0.5722537542879393,
    "MRR@100": 0.5142550408394322,
    "Recall@100": 0.7812777777777777,
    "latency_mean_ms": 23.799068980675603,
    "latency_median_ms": 21.805199998198077,
    "index_time_ms": 429.09900000086054,
    "num_queries": 1109
  },
  "all-MiniLM-L6-v2": {
    "nDCG@10": 0.6450816521455776,
    "MRR@10": 0.6047248677248678,
    "Recall@10": 0.7833333333333333,
    "nDCG@100": 0.677007366491072,
    "MRR@100": 0.6109678843408566,
    "Recall@100": 0.925,
    "latency_mean_ms": 2.6003479710972184,
    "latency_median_ms": 2.0795999880647287,
    "encode_time_ms": 11217.916900001,
    "query_encode_time_ms": 662.0014000072842,
    "num_queries": 1109,
    "dim": 384,
    "search_method": "FAISS"
  },
  "BGE-small-en-v1.5": {
    "nDCG@10": 0.7200042547439368,
    "MRR@10": 0.6844708994708995,
    "Recall@10": 0.8452222222222222,
    "nDCG@100": 0.7432557876008202,
    "MRR@100": 0.6880313961475021,
    "Recall@100": 0.9533333333333334,
    "latency_mean_ms": 1.8762893601155035,
    "latency_median_ms": 0.803599992650561,
    "encode_time_ms": 44742.30990000069,
    "query_encode_time_ms": 2986.6156999923987,
    "num_queries": 1109,
    "dim": 384,
    "search_method": "FAISS"
  },
  "BGE-base-en-v1.5": {
    "nDCG@10": 0.7376262824405598,
    "MRR@10": 0.7003664021164021,
    "Recall@10": 0.8658888888888888,
    "nDCG@100": 0.7604621931616387,
    "MRR@100": 0.704281431955039,
    "Recall@100": 0.97,
    "latency_mean_ms": 4.209313074834779,
    "latency_median_ms": 2.4871999921742827,
    "encode_time_ms": 120439.21679999039,
    "query_encode_time_ms": 7188.802499993471,
    "num_queries": 1109,
    "dim": 768,
    "search_method": "FAISS"
  },
  "MATHIR V7.1 D (Hybrid)": {
    "nDCG@10": 0.6781746429295014,
    "MRR@10": 0.6306481481481482,
    "Recall@10": 0.8301666666666667,
    "nDCG@100": 0.698470521408978,
    "MRR@100": 0.6352837288900757,
    "Recall@100": 0.9090000000000001,
    "latency_mean_ms": 83.92568719555999,
    "latency_median_ms": 38.93860000243876,
    "encode_time_ms": 12768.578200004413,
    "store_time_ms": 662350.9627999883,
    "num_queries": 1109,
    "dim": 384
  }
}