{
  "timestamp": "2026-06-21 07:41:44",
  "use_real_text": false,
  "embedder_model": "sentence-transformers/all-MiniLM-L6-v2",
  "seed": 42,
  "anomaly_offset": 6.0,
  "normal_std": 0.5,
  "embedding_dim": 384,
  "n_train_normal": 500,
  "n_test_normal": 100,
  "n_test_anomaly": 50,
  "auc_roc": 0.7036000000000001,
  "normal_score_mean": 52.01370620727539,
  "normal_score_std": 2.76847505569458,
  "anomaly_score_mean": 54.52156066894531,
  "anomaly_score_std": 3.4181737899780273,
  "score_separation": 2.507854461669922,
  "basic_auc_roc": 0.7777999999999999,
  "basic_normal_score_mean": 12.547476768493652,
  "basic_anomaly_score_mean": 12.8802490234375,
  "faiss_auc_roc": 0.2222,
  "interpretation": "MODERATE \u2014 some anomaly detection capability"
}