{
  "metadata": {
    "dataset": "BEIR SciFact",
    "split": "test",
    "num_queries": 300,
    "num_docs": 5183,
    "num_qrels": 339,
    "model": "BAAI/bge-base-en-v1.5"
  },
  "results": {
    "1_FAISS_only": {
      "nDCG@10": 0.740391287918679,
      "MRR@10": 0.7033862433862433,
      "Recall@10": 0.8742222222222221,
      "nDCG@100": 0.7610439904911961,
      "MRR@100": 0.7070943031404664,
      "Recall@100": 0.9666666666666667
    },
    "2_BM25_only": {
      "nDCG@10": 0.5628147494971643,
      "MRR@10": 0.5242208994708994,
      "Recall@10": 0.6861666666666667,
      "nDCG@100": 0.5874142245844229,
      "MRR@100": 0.5290049522246432,
      "Recall@100": 0.7929444444444445
    },
    "3_OPT_dense": {
      "nDCG@10": 0.740391287918679,
      "MRR@10": 0.7033862433862433,
      "Recall@10": 0.8742222222222221,
      "nDCG@100": 0.7610439904911961,
      "MRR@100": 0.7070943031404664,
      "Recall@100": 0.9666666666666667
    },
    "4_OPT_dense+bm25": {
      "nDCG@10": 0.6675064283955701,
      "MRR@10": 0.6317208994708995,
      "Recall@10": 0.7976666666666666,
      "nDCG@100": 0.7027397844606882,
      "MRR@100": 0.638360064230676,
      "Recall@100": 0.9526666666666667
    },
    "5_OPT_dense+bm25+ce": {
      "nDCG@10": 0.6937256102362923,
      "MRR@10": 0.658808201058201,
      "Recall@10": 0.8292777777777778,
      "nDCG@100": 0.7210547795347504,
      "MRR@100": 0.6634774369529088,
      "Recall@100": 0.9526666666666667
    }
  }
}